<?xml version="1.0" encoding="UTF-8"?>
<GenRun Id="impl_1" LaunchPart="xc7z020clg400-1" LaunchTime="1617471186">
  <File Type="BITSTR-BMM" Name="reg_file_bd.bmm"/>
  <File Type="OPT-METHODOLOGY-DRC" Name="reg_file_methodology_drc_opted.rpt"/>
  <File Type="INIT-TIMING" Name="reg_file_timing_summary_init.rpt"/>
  <File Type="ROUTE-PWR" Name="reg_file_power_routed.rpt"/>
  <File Type="PA-TCL" Name="reg_file.tcl"/>
  <File Type="OPT-TIMING" Name="reg_file_timing_summary_opted.rpt"/>
  <File Type="OPT-DCP" Name="reg_file_opt.dcp"/>
  <File Type="ROUTE-PWR-SUM" Name="reg_file_power_summary_routed.pb"/>
  <File Type="REPORTS-TCL" Name="reg_file_reports.tcl"/>
  <File Type="OPT-DRC" Name="reg_file_drc_opted.rpt"/>
  <File Type="OPT-HWDEF" Name="reg_file.hwdef"/>
  <File Type="PWROPT-DCP" Name="reg_file_pwropt.dcp"/>
  <File Type="PWROPT-DRC" Name="reg_file_drc_pwropted.rpt"/>
  <File Type="PWROPT-TIMING" Name="reg_file_timing_summary_pwropted.rpt"/>
  <File Type="PLACE-DCP" Name="reg_file_placed.dcp"/>
  <File Type="PLACE-IO" Name="reg_file_io_placed.rpt"/>
  <File Type="PLACE-CLK" Name="reg_file_clock_utilization_placed.rpt"/>
  <File Type="PLACE-UTIL" Name="reg_file_utilization_placed.rpt"/>
  <File Type="PLACE-UTIL-PB" Name="reg_file_utilization_placed.pb"/>
  <File Type="PLACE-CTRL" Name="reg_file_control_sets_placed.rpt"/>
  <File Type="PLACE-SIMILARITY" Name="reg_file_incremental_reuse_placed.rpt"/>
  <File Type="PLACE-PRE-SIMILARITY" Name="reg_file_incremental_reuse_pre_placed.rpt"/>
  <File Type="BG-BGN" Name="reg_file.bgn"/>
  <File Type="PLACE-TIMING" Name="reg_file_timing_summary_placed.rpt"/>
  <File Type="POSTPLACE-PWROPT-DCP" Name="reg_file_postplace_pwropt.dcp"/>
  <File Type="BG-BIN" Name="reg_file.bin"/>
  <File Type="POSTPLACE-PWROPT-TIMING" Name="reg_file_timing_summary_postplace_pwropted.rpt"/>
  <File Type="PHYSOPT-DCP" Name="reg_file_physopt.dcp"/>
  <File Type="PHYSOPT-DRC" Name="reg_file_drc_physopted.rpt"/>
  <File Type="BITSTR-MSK" Name="reg_file.msk"/>
  <File Type="PHYSOPT-TIMING" Name="reg_file_timing_summary_physopted.rpt"/>
  <File Type="ROUTE-ERROR-DCP" Name="reg_file_routed_error.dcp"/>
  <File Type="ROUTE-DCP" Name="reg_file_routed.dcp"/>
  <File Type="ROUTE-BLACKBOX-DCP" Name="reg_file_routed_bb.dcp"/>
  <File Type="ROUTE-DRC" Name="reg_file_drc_routed.rpt"/>
  <File Type="ROUTE-DRC-PB" Name="reg_file_drc_routed.pb"/>
  <File Type="BITSTR-LTX" Name="debug_nets.ltx"/>
  <File Type="BITSTR-LTX" Name="reg_file.ltx"/>
  <File Type="ROUTE-DRC-RPX" Name="reg_file_drc_routed.rpx"/>
  <File Type="BITSTR-MMI" Name="reg_file.mmi"/>
  <File Type="ROUTE-METHODOLOGY-DRC" Name="reg_file_methodology_drc_routed.rpt"/>
  <File Type="ROUTE-METHODOLOGY-DRC-RPX" Name="reg_file_methodology_drc_routed.rpx"/>
  <File Type="BITSTR-SYSDEF" Name="reg_file.sysdef"/>
  <File Type="ROUTE-METHODOLOGY-DRC-PB" Name="reg_file_methodology_drc_routed.pb"/>
  <File Type="ROUTE-PWR-RPX" Name="reg_file_power_routed.rpx"/>
  <File Type="ROUTE-STATUS" Name="reg_file_route_status.rpt"/>
  <File Type="ROUTE-STATUS-PB" Name="reg_file_route_status.pb"/>
  <File Type="ROUTE-TIMINGSUMMARY" Name="reg_file_timing_summary_routed.rpt"/>
  <File Type="ROUTE-TIMING-PB" Name="reg_file_timing_summary_routed.pb"/>
  <File Type="ROUTE-TIMING-RPX" Name="reg_file_timing_summary_routed.rpx"/>
  <File Type="ROUTE-SIMILARITY" Name="reg_file_incremental_reuse_routed.rpt"/>
  <File Type="ROUTE-CLK" Name="reg_file_clock_utilization_routed.rpt"/>
  <File Type="ROUTE-BUS-SKEW" Name="reg_file_bus_skew_routed.rpt"/>
  <File Type="ROUTE-BUS-SKEW-PB" Name="reg_file_bus_skew_routed.pb"/>
  <File Type="ROUTE-BUS-SKEW-RPX" Name="reg_file_bus_skew_routed.rpx"/>
  <File Type="POSTROUTE-PHYSOPT-DCP" Name="reg_file_postroute_physopt.dcp"/>
  <File Type="POSTROUTE-PHYSOPT-BLACKBOX-DCP" Name="reg_file_postroute_physopt_bb.dcp"/>
  <File Type="POSTROUTE-PHYSOPT-TIMING" Name="reg_file_timing_summary_postroute_physopted.rpt"/>
  <File Type="POSTROUTE-PHYSOPT-TIMING-PB" Name="reg_file_timing_summary_postroute_physopted.pb"/>
  <File Type="POSTROUTE-PHYSOPT-TIMING-RPX" Name="reg_file_timing_summary_postroute_physopted.rpx"/>
  <File Type="POSTROUTE-PHYSOPT-BUS-SKEW" Name="reg_file_bus_skew_postroute_physopted.rpt"/>
  <File Type="POSTROUTE-PHYSOPT-BUS-SKEW-PB" Name="reg_file_bus_skew_postroute_physopted.pb"/>
  <File Type="BG-BIT" Name="reg_file.bit"/>
  <File Type="POSTROUTE-PHYSOPT-BUS-SKEW-RPX" Name="reg_file_bus_skew_postroute_physopted.rpx"/>
  <File Type="BITSTR-RBT" Name="reg_file.rbt"/>
  <File Type="BITSTR-NKY" Name="reg_file.nky"/>
  <File Type="BG-DRC" Name="reg_file.drc"/>
  <File Type="RDI-RDI" Name="reg_file.vdi"/>
  <File Type="WBT-USG" Name="usage_statistics_webtalk.html"/>
  <FileSet Name="sources" Type="DesignSrcs" RelSrcDir="$PSRCDIR/sources_1">
    <Filter Type="Srcs"/>
    <File Path="$PPRDIR/../reg_file.vhd">
      <FileInfo>
        <Attr Name="UsedIn" Val="synthesis"/>
        <Attr Name="UsedIn" Val="simulation"/>
      </FileInfo>
    </File>
    <File Path="$PPRDIR/../reg_1.vhd">
      <FileInfo>
        <Attr Name="AutoDisabled" Val="1"/>
        <Attr Name="UsedIn" Val="synthesis"/>
        <Attr Name="UsedIn" Val="simulation"/>
      </FileInfo>
    </File>
    <File Path="$PPRDIR/../reg.vhd">
      <FileInfo>
        <Attr Name="AutoDisabled" Val="1"/>
        <Attr Name="UsedIn" Val="synthesis"/>
        <Attr Name="UsedIn" Val="simulation"/>
      </FileInfo>
    </File>
    <File Path="$PPRDIR/../sign_extend.vhd">
      <FileInfo>
        <Attr Name="AutoDisabled" Val="1"/>
        <Attr Name="UsedIn" Val="synthesis"/>
        <Attr Name="UsedIn" Val="simulation"/>
      </FileInfo>
    </File>
    <File Path="$PPRDIR/../CPU_memory.vhd">
      <FileInfo>
        <Attr Name="AutoDisabled" Val="1"/>
        <Attr Name="UsedIn" Val="synthesis"/>
        <Attr Name="UsedIn" Val="simulation"/>
      </FileInfo>
    </File>
    <File Path="$PPRDIR/../comparator_unit.vhd">
      <FileInfo>
        <Attr Name="AutoDisabled" Val="1"/>
        <Attr Name="UsedIn" Val="synthesis"/>
        <Attr Name="UsedIn" Val="simulation"/>
      </FileInfo>
    </File>
    <File Path="$PPRDIR/../ALU.vhd">
      <FileInfo>
        <Attr Name="AutoDisabled" Val="1"/>
        <Attr Name="UsedIn" Val="synthesis"/>
        <Attr Name="UsedIn" Val="simulation"/>
      </FileInfo>
    </File>
    <File Path="$PPRDIR/../Arith_Unit.vhd">
      <FileInfo>
        <Attr Name="AutoDisabled" Val="1"/>
        <Attr Name="UsedIn" Val="synthesis"/>
        <Attr Name="UsedIn" Val="simulation"/>
      </FileInfo>
    </File>
    <File Path="$PPRDIR/../logical_unit.vhd">
      <FileInfo>
        <Attr Name="AutoDisabled" Val="1"/>
        <Attr Name="UsedIn" Val="synthesis"/>
        <Attr Name="UsedIn" Val="simulation"/>
      </FileInfo>
    </File>
    <File Path="$PPRDIR/../shift_unit.vhd">
      <FileInfo>
        <Attr Name="AutoDisabled" Val="1"/>
        <Attr Name="UsedIn" Val="synthesis"/>
        <Attr Name="UsedIn" Val="simulation"/>
      </FileInfo>
    </File>
    <File Path="$PPRDIR/../CPU.vhd">
      <FileInfo>
        <Attr Name="AutoDisabled" Val="1"/>
        <Attr Name="UsedIn" Val="synthesis"/>
        <Attr Name="UsedIn" Val="simulation"/>
      </FileInfo>
    </File>
    <File Path="$PPRDIR/../FSM.vhd">
      <FileInfo>
        <Attr Name="AutoDisabled" Val="1"/>
        <Attr Name="UsedIn" Val="synthesis"/>
        <Attr Name="UsedIn" Val="simulation"/>
      </FileInfo>
    </File>
    <File Path="$PPRDIR/../top_level.vhd">
      <FileInfo>
        <Attr Name="AutoDisabled" Val="1"/>
        <Attr Name="UsedIn" Val="synthesis"/>
        <Attr Name="UsedIn" Val="simulation"/>
      </FileInfo>
    </File>
    <File Path="$PPRDIR/../adder.vhd">
      <FileInfo>
        <Attr Name="AutoDisabled" Val="1"/>
        <Attr Name="UsedIn" Val="synthesis"/>
        <Attr Name="UsedIn" Val="simulation"/>
      </FileInfo>
    </File>
    <File Path="$PPRDIR/../mult.vhd">
      <FileInfo>
        <Attr Name="AutoDisabled" Val="1"/>
        <Attr Name="UsedIn" Val="synthesis"/>
        <Attr Name="UsedIn" Val="simulation"/>
      </FileInfo>
    </File>
    <File Path="$PPRDIR/../adder_64.vhd">
      <FileInfo>
        <Attr Name="AutoDisabled" Val="1"/>
        <Attr Name="UsedIn" Val="synthesis"/>
        <Attr Name="UsedIn" Val="simulation"/>
      </FileInfo>
    </File>
    <File Path="$PPRDIR/../reg_64.vhd">
      <FileInfo>
        <Attr Name="AutoDisabled" Val="1"/>
        <Attr Name="UsedIn" Val="synthesis"/>
        <Attr Name="UsedIn" Val="simulation"/>
      </FileInfo>
    </File>
    <File Path="$PPRDIR/../shift_multiplier.vhd">
      <FileInfo>
        <Attr Name="AutoDisabled" Val="1"/>
        <Attr Name="UsedIn" Val="synthesis"/>
        <Attr Name="UsedIn" Val="simulation"/>
      </FileInfo>
    </File>
    <File Path="$PPRDIR/../reg_32.vhd">
      <FileInfo>
        <Attr Name="AutoDisabled" Val="1"/>
        <Attr Name="UsedIn" Val="synthesis"/>
        <Attr Name="UsedIn" Val="simulation"/>
      </FileInfo>
    </File>
    <File Path="$PPRDIR/../shift_multiplicand.vhd">
      <FileInfo>
        <Attr Name="AutoDisabled" Val="1"/>
        <Attr Name="UsedIn" Val="synthesis"/>
        <Attr Name="UsedIn" Val="simulation"/>
      </FileInfo>
    </File>
    <File Path="$PPRDIR/../control.vhd">
      <FileInfo>
        <Attr Name="AutoDisabled" Val="1"/>
        <Attr Name="UsedIn" Val="synthesis"/>
        <Attr Name="UsedIn" Val="simulation"/>
      </FileInfo>
    </File>
    <File Path="$PSRCDIR/sources_1/new/clo_unit.vhd">
      <FileInfo>
        <Attr Name="AutoDisabled" Val="1"/>
        <Attr Name="UsedIn" Val="synthesis"/>
        <Attr Name="UsedIn" Val="simulation"/>
      </FileInfo>
    </File>
    <File Path="$PSRCDIR/sources_1/bd/design_1/design_1.bd">
      <FileInfo>
        <Attr Name="AutoDisabled" Val="1"/>
        <Attr Name="UsedIn" Val="synthesis"/>
        <Attr Name="UsedIn" Val="implementation"/>
        <Attr Name="UsedIn" Val="simulation"/>
      </FileInfo>
    </File>
    <Config>
      <Option Name="DesignMode" Val="RTL"/>
      <Option Name="TopModule" Val="reg_file"/>
    </Config>
  </FileSet>
  <FileSet Name="constrs_in" Type="Constrs" RelSrcDir="$PSRCDIR/constrs_1">
    <Filter Type="Constrs"/>
    <Config>
      <Option Name="ConstrsType" Val="XDC"/>
    </Config>
  </FileSet>
  <FileSet Name="utils" Type="Utils" RelSrcDir="$PSRCDIR/utils_1">
    <Filter Type="Utils"/>
    <Config>
      <Option Name="TopAutoSet" Val="TRUE"/>
    </Config>
  </FileSet>
  <Strategy Version="1" Minor="2">
    <StratHandle Name="Vivado Implementation Defaults" Flow="Vivado Implementation 2018">
      <Desc>Default settings for Implementation.</Desc>
    </StratHandle>
    <Step Id="init_design"/>
    <Step Id="opt_design"/>
    <Step Id="power_opt_design"/>
    <Step Id="place_design"/>
    <Step Id="post_place_power_opt_design"/>
    <Step Id="phys_opt_design"/>
    <Step Id="route_design"/>
    <Step Id="post_route_phys_opt_design"/>
    <Step Id="write_bitstream"/>
  </Strategy>
</GenRun>
